{
  "total_spend": 45373696.39,
  "spend_at_risk": 6986051.379999999,
  "pct_spend_at_risk": 0.15396698827340125,
  "currency_code": "USD"
}