supplier,gross_po_value,negotiated_po_value,realized_savings,defective_units,quantity,defective_cost_exposure,avg_lead_time_days,non_compliance_rate,avg_order_status_risk,spend_at_risk,defect_rate_pct,savings_rate_pct,spend_at_risk_pct,supplier_risk_score,supplier_segment,currency_code
Alpha_Inc,8528632.74,7839712.25,688920.4900000001,2717.0,150414.0,140060.8,10.741379310344827,0.06382978723404255,0.18085106382978725,485851.77999999997,0.018063478133684363,0.08077736619715203,0.06197316489517839,0.15765834625800831,Strategic,USD
Beta_Supplies,10748606.79,9858665.9,889940.8899999999,13838.0,180516.0,759467.47,11.272727272727273,0.24358974358974358,0.20897435897435898,1715601.6,0.07665802477342729,0.08279592949925,0.1740196510767243,0.7578537370694345,Governance Risk,USD
Delta_Logistics,10018216.959999999,9236240.47,781976.4899999999,19678.0,181652.0,1025130.01,10.85430463576159,0.391812865497076,0.21695906432748538,3177383.89,0.10832801180278775,0.0780554556885939,0.34401268571561994,0.9031805225144132,Governance Risk,USD
Epsilon_Group,10696136.24,9851156.06,844980.1799999999,4682.0,180053.0,254528.12,10.865771812080537,0.018072289156626505,0.19759036144578312,158287.06,0.02600345453838592,0.07899863661422472,0.016067866455056444,0.29372221218512873,Cost Trap,USD
Gamma_Co,9313230.13,8587921.71,725308.4199999999,7034.0,157916.0,388810.33,10.192307692307692,0.13986013986013987,0.186013986013986,1448927.05,0.04454266825400846,0.0778793619266015,0.1687168442992245,0.19054963293128563,Strategic,USD
