supplier,gross_po_value,negotiated_po_value,realized_savings,savings_rate_pct,defect_rate_pct,defective_cost_exposure,avg_lead_time_days,non_compliance_rate,spend_at_risk,supplier_risk_score,supplier_segment,share_of_spend,currency_code
Alpha_Inc,8528632.74,7839712.25,688920.4900000001,0.08077736619715203,0.018063478133684363,140060.8,10.741379310344827,0.06382978723404255,485851.77999999997,0.15765834625800831,Strategic,0.1727809914937371,USD
Beta_Supplies,10748606.79,9858665.9,889940.8899999999,0.08279592949925,0.07665802477342729,759467.47,11.272727272727273,0.24358974358974358,1715601.6,0.7578537370694345,Governance Risk,0.2172771161349061,USD
Delta_Logistics,10018216.959999999,9236240.47,781976.4899999999,0.0780554556885939,0.10832801180278775,1025130.01,10.85430463576159,0.391812865497076,3177383.89,0.9031805225144132,Governance Risk,0.20355935717936338,USD
Epsilon_Group,10696136.24,9851156.06,844980.1799999999,0.07899863661422472,0.02600345453838592,254528.12,10.865771812080537,0.018072289156626505,158287.06,0.29372221218512873,Cost Trap,0.21711160526412648,USD
Gamma_Co,9313230.13,8587921.71,725308.4199999999,0.0778793619266015,0.04454266825400846,388810.33,10.192307692307692,0.13986013986013987,1448927.05,0.19054963293128563,Strategic,0.18927092992786698,USD
