supplier_name,current_defect_cost_risk,risk_reduction_25pct,projected_risk_after,currency_code
Supplier 4,16459.99228082944,4114.99807020736,12344.99421062208,USD
Supplier 2,13787.215212069457,3446.8038030173643,10340.411409052092,USD
Supplier 1,13599.745918934623,3399.9364797336557,10199.809439200966,USD
