supplier_name,total_revenue,total_cost_proxy,avg_defect_rate,avg_logistics_cost_per_unit,avg_lead_time,sku_count,gross_margin_proxy,share_of_revenue,currency_code
Supplier 1,157528.99503945644,614577.2791360304,0.01803629711688253,3.0962613995678794,14.777777777777779,27,-457048.28409657395,0.27272797928458553,USD
Supplier 2,125467.4186053003,616372.492379207,0.02362750145071881,3.4222670161491164,18.545454545454547,22,-490905.07377390674,0.21722017291931578,USD
Supplier 5,110343.46365628691,429794.5403815626,0.026654083441492015,3.44828967194305,18.055555555555557,18,-319451.0767252757,0.19103625883415065,USD
Supplier 3,97795.97963816227,341233.43459489715,0.0246578603076447,1.9512958567151395,20.133333333333333,15,-243437.45495673487,0.16931295665405588,USD
Supplier 4,86468.96179880276,774366.8797557219,0.023373974005913394,2.308300380042425,15.222222222222221,18,-687897.9179569192,0.14970263230789205,USD
