y_actual,y_pred,y_prob
0,0,0.2
0,0,0.37333333333333335
1,1,0.6666666666666666
0,0,0.15666666666666668
0,0,0.25666666666666665
1,1,0.5933333333333334
0,0,0.14666666666666667
0,0,0.17666666666666667
1,1,0.66
0,0,0.2833333333333333
0,0,0.17666666666666667
0,0,0.23
1,1,0.6033333333333334
1,1,0.6266666666666667
1,1,0.6366666666666667
0,0,0.19
1,1,0.6266666666666667
0,0,0.2733333333333333
0,0,0.11666666666666667
0,0,0.17
