sku,product_type,supplier_name,location,demand_signal,stock_cover_proxy
SKU37,skincare,Supplier 3,Kolkata,192.6,0.02596053997923157
SKU4,skincare,Supplier 1,Delhi,33.5,0.0057405281285878304
SKU67,skincare,Supplier 1,Mumbai,32.0625,0.023391812865497075
SKU36,skincare,Supplier 2,Delhi,28.323529411764707,0.018691588785046728
SKU9,skincare,Supplier 2,Chennai,28.0,0.014285714285714285
SKU44,cosmetics,Supplier 2,Delhi,27.029411764705884,0.014145810663764961
SKU18,haircare,Supplier 2,Kolkata,26.956521739130434,0.016129032258064516
