route,carrier_from,carrier_to,avg_cost_from,avg_cost_to,avg_time_from,avg_time_to,cost_delta,time_delta,currency_code
Route A,Carrier C,Carrier A,5.839868322504057,4.629630231474777,6.142857142857143,6.25,-1.2102380910292805,0.10714285714285676,USD
Route B,Carrier A,Carrier B,6.227984703940878,5.174455462404191,6.384615384615385,6.0,-1.0535292415366868,-0.384615384615385,USD
Route C,Carrier A,Carrier C,6.339488892435615,5.564702065595981,4.666666666666667,8.142857142857142,-0.7747868268396347,3.4761904761904754,USD
