{
  "total_revenue": 577604.8187380086,
  "avg_revenue": 5776.048187380086,
  "total_cost_proxy": 2776344.626247419,
  "total_logistics_cost": 53479.39312301607,
  "total_manufacturing_cost": 2722865.233124403,
  "avg_defect_rate": 0.0227715799273961,
  "top_product_type": "skincare",
  "top_supplier": "Supplier 1",
  "avg_logistics_cost_per_unit": 2.9177699093007896
}