supplier,realized_savings,cum_pct,supplier_rank,currency_code
Beta_Supplies,889940.8899999999,0.2263831745916839,1,USD
Epsilon_Group,844980.1799999999,0.4413292432181659,2,USD
Delta_Logistics,781976.4899999999,0.6402484324041602,3,USD
Gamma_Co,725308.4199999999,0.824752397243531,4,USD
Alpha_Inc,688920.4900000001,1.0,5,USD
