supplier,supplier_risk_score,cum_pct,supplier_rank
Delta_Logistics,0.9031805225144132,0.3921817039505743,1
Beta_Supplies,0.7578537370694345,0.721259183524386,2
Epsilon_Group,0.29372221218512873,0.8488001067300873,3
Gamma_Co,0.19054963293128563,0.9315411290033565,4
Alpha_Inc,0.15765834625800831,1.0,5
